AtrialFibrilation,0.2,
Libras,0.85,
BasicMotions,1.0,
RacketSports,0.8881578947368421,
Epilepsy,1.0,
StandWalkJump,0.4,
UWaveGestureLibrary,0.884375,
Handwriting,0.34705882352941175,
PenDigits,0.9059462550028587,
NATOPS,0.8277777777777777,
HandMovementDirection,0.47297297297297297,
ArticularyWordRecognition,0.9766666666666667,
FingerMovements,0.53,
Cricket,0.9722222222222222,
LSST,0.5348742903487429,
SelfRegulationSCP1,0.8839590443686007,
SelfRegulationSCP2,0.55,
